Bob,30,San Francisco
Charlie,22,Los Angeles
Alice,25,New York
Bob,30,San Francisco
Charlie,22,Los Angeles
Alice,25,New York
Bob,30,San Francisco
Charlie,22,Los Angeles
Alice,25,New York
Bob,30,San Francisco
Charlie,22,Los Angeles
Alice,25,New York
Bob,30,San Francisco
Charlie,22,Los Angeles
Alice,25,New York
Bob,30,San Francisco
Charlie,22,Los Angeles
Alice,25,New York
Bob,30,San Francisco
Charlie,22,Los Angeles
Alice,25,New York
Bob,30,San Francisco
Charlie,22,Los Angeles
Alice,25,New York
Bob,30,San Francisco
Charlie,22,Los Angeles




"New,new line"
"New,new line"
"New,new line"
"New,new line"
